Workbook

Sheet รายการ
A1: รายการหนังสืออิเล็กทรอนิกส์และฐานข้อมูลทางการแพทย์ ปีงบประมาณ พ.ศ. 2570 (ภาคผนวก ก.)
A2: วางรายการจากสาขาวิชาในช่องสีเหลือง ราคาอ้างอิงเป็นบาท (ถ้าเป็นราคาต่างประเทศ ให้กรอกสกุลเงินและราคา แล้วระบบแปลงตามอัตราในแผ่น 'ตั้งค่า')
A4: ลำดับ | B4: สาขาวิชา | C4: ชื่อเรื่อง / ชื่อฐานข้อมูล | D4: ผู้แต่ง | E4: ฉบับ/ปี | F4: ISBN | G4: สำนักพิมพ์ / แพลตฟอร์ม | H4: ประเภท (หนังสือ/ฐานข้อมูล) | I4: รูปแบบสิทธิ์ (ถาวร/รายปี) | J4: ผู้ใช้พร้อมกัน | K4: สกุลเงิน | L4: ราคาต่อหน่วย (สกุลเงินต้นทาง) | M4: จำนวน | N4: ราคาเป็นบาท (ต่อหน่วย) | O4: รวมเป็นเงิน (บาท) | P4: ผู้เสนอรายการ / หมายเหตุ
A5: =IF(C5="","",ROW()-4) | K5: THB | M5: 1 | N5: =IF(L5="","",IF(K5="THB",L5,L5*IFERROR(VLOOKUP(K5,ตั้งค่า!$A$4:$B$10,2,FALSE),0))) | O5: =IF(N5="","",N5*M5)
A6: =IF(C6="","",ROW()-4) | K6: THB | M6: 1 | N6: =IF(L6="","",IF(K6="THB",L6,L6*IFERROR(VLOOKUP(K6,ตั้งค่า!$A$4:$B$10,2,FALSE),0))) | O6: =IF(N6="","",N6*M6)
A7: =IF(C7="","",ROW()-4) | K7: THB | M7: 1 | N7: =IF(L7="","",IF(K7="THB",L7,L7*IFERROR(VLOOKUP(K7,ตั้งค่า!$A$4:$B$10,2,FALSE),0))) | O7: =IF(N7="","",N7*M7)
A8: =IF(C8="","",ROW()-4) | K8: THB | M8: 1 | N8: =IF(L8="","",IF(K8="THB",L8,L8*IFERROR(VLOOKUP(K8,ตั้งค่า!$A$4:$B$10,2,FALSE),0))) | O8: =IF(N8="","",N8*M8)
A9: =IF(C9="","",ROW()-4) | K9: THB | M9: 1 | N9: =IF(L9="","",IF(K9="THB",L9,L9*IFERROR(VLOOKUP(K9,ตั้งค่า!$A$4:$B$10,2,FALSE),0))) | O9: =IF(N9="","",N9*M9)
A10: =IF(C10="","",ROW()-4) | K10: THB | M10: 1 | N10: =IF(L10="","",IF(K10="THB",L10,L10*IFERROR(VLOOKUP(K10,ตั้งค่า!$A$4:$B$10,2,FALSE),0))) | O10: =IF(N10="","",N10*M10)
A11: =IF(C11="","",ROW()-4) | K11: THB | M11: 1 | N11: =IF(L11="","",IF(K11="THB",L11,L11*IFERROR(VLOOKUP(K11,ตั้งค่า!$A$4:$B$10,2,FALSE),0))) | O11: =IF(N11="","",N11*M11)
A12: =IF(C12="","",ROW()-4) | K12: THB | M12: 1 | N12: =IF(L12="","",IF(K12="THB",L12,L12*IFERROR(VLOOKUP(K12,ตั้งค่า!$A$4:$B$10,2,FALSE),0))) | O12: =IF(N12="","",N12*M12)
A13: =IF(C13="","",ROW()-4) | K13: THB | M13: 1 | N13: =IF(L13="","",IF(K13="THB",L13,L13*IFERROR(VLOOKUP(K13,ตั้งค่า!$A$4:$B$10,2,FALSE),0))) | O13: =IF(N13="","",N13*M13)
A14: =IF(C14="","",ROW()-4) | K14: THB | M14: 1 | N14: =IF(L14="","",IF(K14="THB",L14,L14*IFERROR(VLOOKUP(K14,ตั้งค่า!$A$4:$B$10,2,FALSE),0))) | O14: =IF(N14="","",N14*M14)
A15: =IF(C15="","",ROW()-4) | K15: THB | M15: 1 | N15: =IF(L15="","",IF(K15="THB",L15,L15*IFERROR(VLOOKUP(K15,ตั้งค่า!$A$4:$B$10,2,FALSE),0))) | O15: =IF(N15="","",N15*M15)
A16: =IF(C16="","",ROW()-4) | K16: THB | M16: 1 | N16: =IF(L16="","",IF(K16="THB",L16,L16*IFERROR(VLOOKUP(K16,ตั้งค่า!$A$4:$B$10,2,FALSE),0))) | O16: =IF(N16="","",N16*M16)
... A204: =IF(C204="","",ROW()-4) | K204: THB | M204: 1 | N204: =IF(L204="","",IF(K204="THB",L204,L204*IFERROR(VLOOKUP(K204,ตั้งค่า!$A$4:$B$10,2,FALSE),0))) | O204: =IF(N204="","",N204*M204)
C205: รวมเป็นเงินทั้งสิ้น (ก่อนภาษีมูลค่าเพิ่ม ถ้าราคาที่กรอกยังไม่รวม) | O205: =SUM(O5:O204)

Sheet ตั้งค่า
A1: อัตราแลกเปลี่ยน (บาทต่อ 1 หน่วยสกุลเงิน) ตามอัตรา ธปท. ณ วันที่กำหนดราคากลาง
A3: สกุลเงิน | B3: บาทต่อ 1 หน่วย
A4: USD
A5: GBP
A6: EUR
A12: หมายเหตุ: ช่องอัตราว่าง = ระบบถือว่า 0 ต้องกรอกอัตราจริงก่อนใช้ตัวเลข

Sheet สรุปตามสาขา
A1: สรุปตามสาขาวิชา
A3: สาขาวิชา | B3: จำนวนรายการ | C3: รวมเป็นเงิน (บาท)
B4: =IF(A4="","",COUNTIF(รายการ!$B$5:$B$204,A4)) | C4: =IF(A4="","",SUMIF(รายการ!$B$5:$B$204,A4,รายการ!$O$5:$O$204))
B5: =IF(A5="","",COUNTIF(รายการ!$B$5:$B$204,A5)) | C5: =IF(A5="","",SUMIF(รายการ!$B$5:$B$204,A5,รายการ!$O$5:$O$204))
B6: =IF(A6="","",COUNTIF(รายการ!$B$5:$B$204,A6)) | C6: =IF(A6="","",SUMIF(รายการ!$B$5:$B$204,A6,รายการ!$O$5:$O$204))
B7: =IF(A7="","",COUNTIF(รายการ!$B$5:$B$204,A7)) | C7: =IF(A7="","",SUMIF(รายการ!$B$5:$B$204,A7,รายการ!$O$5:$O$204))
B8: =IF(A8="","",COUNTIF(รายการ!$B$5:$B$204,A8)) | C8: =IF(A8="","",SUMIF(รายการ!$B$5:$B$204,A8,รายการ!$O$5:$O$204))
B9: =IF(A9="","",COUNTIF(รายการ!$B$5:$B$204,A9)) | C9: =IF(A9="","",SUMIF(รายการ!$B$5:$B$204,A9,รายการ!$O$5:$O$204))
B10: =IF(A10="","",COUNTIF(รายการ!$B$5:$B$204,A10)) | C10: =IF(A10="","",SUMIF(รายการ!$B$5:$B$204,A10,รายการ!$O$5:$O$204))
B11: =IF(A11="","",COUNTIF(รายการ!$B$5:$B$204,A11)) | C11: =IF(A11="","",SUMIF(รายการ!$B$5:$B$204,A11,รายการ!$O$5:$O$204))
B12: =IF(A12="","",COUNTIF(รายการ!$B$5:$B$204,A12)) | C12: =IF(A12="","",SUMIF(รายการ!$B$5:$B$204,A12,รายการ!$O$5:$O$204))
B13: =IF(A13="","",COUNTIF(รายการ!$B$5:$B$204,A13)) | C13: =IF(A13="","",SUMIF(รายการ!$B$5:$B$204,A13,รายการ!$O$5:$O$204))
B14: =IF(A14="","",COUNTIF(รายการ!$B$5:$B$204,A14)) | C14: =IF(A14="","",SUMIF(รายการ!$B$5:$B$204,A14,รายการ!$O$5:$O$204))
B15: =IF(A15="","",COUNTIF(รายการ!$B$5:$B$204,A15)) | C15: =IF(A15="","",SUMIF(รายการ!$B$5:$B$204,A15,รายการ!$O$5:$O$204))
... B33: =IF(A33="","",COUNTIF(รายการ!$B$5:$B$204,A33)) | C33: =IF(A33="","",SUMIF(รายการ!$B$5:$B$204,A33,รายการ!$O$5:$O$204))
A35: รวมทั้งหมด | B35: =SUM(B4:B33) | C35: =SUM(C4:C33)
A36: พิมพ์ชื่อสาขาวิชาในคอลัมน์ A ให้ตรงกับที่กรอกในแผ่น 'รายการ'
